SHIP TO NAME,STORE NUMBER,CONCEPT CODE,ADDRESS 1,ADDRESS 2,CITY,STATE,ZIP,TAX AREA CODE
PIZZA HUT,14426,DN,2567 S SHIELDS ST,STE B-D,FORT COLLINS,CO,80526,
PIZZA HUT,14420,DN,450 DENVER AVE,,FORT LUPTON,CO,80621,
PIZZA HUT,14421,DN,2439 W 10TH ST,,GREELEY,CO,80634,
PIZZA HUT,14630,DN,831 S DETROIT ST,,YUMA,CO,80759,
PIZZA HUT,6679,DN,320 S LINCOLN ST,,BURLINGTON,CO,80807,
PIZZA HUT,22695,DN,250 E US HIGHWAY 24,,WOODLAND PARK,CO,80863,
PIZZA HUT,22709,DN,5815 PALMER PARK BLVD,,COLORADO SPRINGS,CO,80915,
PIZZA HUT,81401,DN,2331 S TOWNSEND AVE,,MONTROSE,CO,81401,
PIZZA HUT,11424,DN,3611 KIRKWOOD HWY,,WILMINGTON,DE,19808,
PIZZA HUT,11414,DN,779 N DUPONT HWY,,DOVER,DE,19901,
PIZZA HUT,11420,DN,19068 COASTAL HWY,,REHOBOTH BEACH,DE,19971,
PIZZA HUT,4282,DN,1050 N PONCE DE LEON BLVD,,Saint Augustine,FL,32084,
PIZZA HUT,26535,DN,500 S ATLANTIC AVE,,DAYTONA BEACH,FL,32118,
PIZZA HUT,26496,DN,432 S ATLANTIC AVE,,ORMOND BEACH,FL,32176,
PIZZA HUT,622018,DN,5421 ROOSEVELT BLVD,,JACKSONVILLE,FL,32210,
PIZZA HUT,622071,DN,1141 DUNN AVE,,JACKSONVILLE,FL,32218,
PIZZA HUT,622022,DN,7939 NORMANDY BLVD,,JACKSONVILLE,FL,32221,
PIZZA HUT,14358,DN,1710 W TENNESSEE ST,,TALLAHASSEE,FL,32304,
PIZZA HUT,30532,DN,1244 S JEFFERSON ST,,MONTICELLO,FL,32344,
PIZZA HUT,13030,DN,1606 W JEFFERSON ST,,QUINCY,FL,32351,
PIZZA HUT,12707,DN,938 W CENTRAL AVE,,BLOUNTSTOWN,FL,32424,
PIZZA HUT,13369,DN,2117 S WAUKESHA ST,,BONIFAY,FL,32425,
PIZZA HUT,13367,DN,1329 MAIN ST,,CHIPLEY,FL,32428,
PIZZA HUT,14408,DN,2185 POST OAK LN,,MARIANNA,FL,32448,
PIZZA HUT,12719,DN,5960 PENSACOLA BLVD,,PENSACOLA,FL,32505,
PIZZA HUT,26270,DN,141 MIRACLE STRIP PKWY SW,,FT WALTON BCH,FL,32548,
PIZZA HUT,31182,DN,8692 NAVARRE PKWY,NAVARRE SQUARE,NAVARRE,FL,32566,
PIZZA HUT,12726,DN,6465 HIGHWAY 90,,MILTON,FL,32570,
PIZZA HUT,27917,DN,15947 NW US HIGHWAY 441,,ALACHUA,FL,32615,
PIZZA HUT,24428,DN,1105 N YOUNG BLVD,,CHIEFLAND,FL,32626,
PIZZA HUT,29922,DN,23 E NOBLE AVE,,WILLISTON,FL,32696,
PIZZA HUT,26504,DN,883 SEMORAN BLVD,,APOPKA,FL,32703,
PIZZA HUT,26533,DN,1403 N WOODLAND BLVD,,DELAND,FL,32720,
PIZZA HUT,26487,DN,917 SAXON BLVD,,ORANGE CITY,FL,32763,
PIZZA HUT,26505,DN,3852 S ORLANDO DR,,SANFORD,FL,32773,
PIZZA HUT,26493,DN,939 N CENTRAL AVE,,UMATILLA,FL,32784,
PIZZA HUT,26539,DN,700 MAGUIRE BLVD,,ORLANDO,FL,32803,
PIZZA HUT,26538,DN,8128 S ORANGE BLOSSOM TRL,,ORLANDO,FL,32809,
PIZZA HUT,26541,DN,7060 INTERNATIONAL DR,,ORLANDO,FL,32816,
PIZZA HUT,26544,DN,8699 PALM PKWY,,ORLANDO,FL,32836,
PIZZA HUT,26498,DN,4850 BABCOCK ST NE,,PALM BAY,FL,32905,
PIZZA HUT,26503,DN,1842 ROCKLEDGE DR,,ROCKLEDGE,FL,32955,
PIZZA HUT,12356,DN,11091 SHERIDAN ST,,HOLLYWOOD,FL,33026,
PIZZA HUT,12345,DN,25 N HOMESTEAD BLVD,,HOMESTEAD,FL,33030,
PIZZA HUT,12337,DN,200 NW LEJEUNE RD,,MIAMI,FL,33126,
PIZZA HUT,13576,DN,254 SE 1ST ST,,MIAMI,FL,33131,
PIZZA HUT,14380,DN,6602 COLLINS AVE,,MIAMI,FL,33141,
PIZZA HUT,12355,DN,10691 SW 40TH ST,,MIAMI,FL,33165,
PIZZA HUT,12336,DN,5731 NW 36TH ST,,VIRGINIA GARDENS,FL,33166,
PIZZA HUT,13721,DN,10379 NW 41ST ST,,DORAL,FL,33178,
PIZZA HUT,12332,DN,1239 S FEDERAL HWY,,FORT LAUDERDALE,FL,33316,
PIZZA HUT,12549,DN,23233 STATE ROAD 7,,BOCA RATON,FL,33428,
PIZZA HUT,12548,DN,949 S MAIN ST,,BELLE GLADE,FL,33430,
PIZZA HUT,25593,DN,6548 GALL BLVD,,ZEPHYRHILLS,FL,33542,
PIZZA HUT,25607,DN,2316 JAMES L REDMAN PKWY,,PLANT CITY,FL,33563,
PIZZA HUT,25584,DN,10619 GIBSONTON DR,,RIVERVIEW,FL,33578,
